{
    "loss": 0.4632503092288971,
    "accuracy": 0.934920608997345
}